{"timestamps": [1510392795.597131], "initial_reset_timestamp": 1510392790.390533, "episode_types": ["t"], "episode_lengths": [3461], "episode_rewards": [-12.0]}