{"timestamps": [1510374619.738656], "initial_reset_timestamp": 1510374609.870045, "episode_types": ["t"], "episode_lengths": [4587], "episode_rewards": [7.0]}