{"timestamps": [1510359624.436479], "initial_reset_timestamp": 1510359616.137564, "episode_types": ["t"], "episode_lengths": [4304], "episode_rewards": [8.0]}