{"timestamps": [1510386714.751871], "initial_reset_timestamp": 1510386703.916683, "episode_types": ["t"], "episode_lengths": [5159], "episode_rewards": [-6.0]}