{"timestamps": [1510356678.922988], "initial_reset_timestamp": 1510356671.191511, "episode_types": ["t"], "episode_lengths": [3714], "episode_rewards": [-6.0]}