{"timestamps": [1510389797.294822], "initial_reset_timestamp": 1510389789.016484, "episode_types": ["t"], "episode_lengths": [4253], "episode_rewards": [12.0]}